{"cameraMode":{"drawMode":0,"name":"Shaded","section":"Shading Mode"},"sceneLighting":true,"audioPlay":false,"sceneViewState":{"m_AlwaysRefresh":false,"showFog":true,"showSkybox":true,"showFlares":true,"showImageEffects":true,"showParticleSystems":true,"showVisualEffectGraphs":true,"m_FxEnabled":true},"in2DMode":false,"pivot":{"x":16.084747314453126,"y":10.878859519958496,"z":-15.988965034484864},"rotation":{"x":-0.24067288637161256,"y":-0.7162666320800781,"z":0.29470157623291018,"w":-0.5850343704223633},"size":2.657256603240967,"orthographic":false}